branch_id,branch_name,city,state
B001,Agencia Ficticia Sao Paulo,Sao Paulo,SP
B002,Agencia Ficticia Campinas,Campinas,SP
B003,Agencia Ficticia Rio de Janeiro,Rio de Janeiro,RJ
B004,Agencia Ficticia Belo Horizonte,Belo Horizonte,MG
B005,Agencia Ficticia Curitiba,Curitiba,PR
B006,Agencia Ficticia Porto Alegre,Porto Alegre,RS
B007,Agencia Ficticia Salvador,Salvador,BA
B008,Agencia Ficticia Recife,Recife,PE
B009,Agencia Ficticia Fortaleza,Fortaleza,CE
B010,Agencia Ficticia Goiania,Goiania,GO
