customer_id,full_name,birth_date,branch_id,is_active
C0001,Ana Martins,1977-04-08,B002,True
C0002,Carla Rodrigues,1987-01-01,B002,True
C0003,Ana Ferreira,1972-12-21,B004,True
C0004,Heitor Carvalho,1997-05-26,B007,False
C0005,Nadia Pereira,1977-03-07,B003,False
C0006,Diego Santos,1984-02-12,B006,True
C0007,Igor Silva,1989-09-04,B010,False
C0008,Carla Ferreira,1978-11-20,B007,False
C0009,Gabi Martins,1964-01-22,B006,True
C0010,Carla Souza,1966-07-09,B005,True
C0011,Fabio Pereira,1982-04-22,B006,True
C0012,Fabio Ferreira,1975-03-15,B002,True
C0013,Heitor Gomes,1980-01-08,B009,True
C0014,Marcos Costa,1964-04-19,B006,False
C0015,Gabi Gomes,1991-07-21,B006,True
C0016,Elisa Souza,1995-09-09,B005,True
C0017,Marcos Pereira,1974-03-17,B007,True
C0018,Diego Oliveira,2000-03-26,B001,True
C0019,Carla Almeida,1984-10-15,B010,True
C0020,Ana Gomes,1967-11-18,B009,True
C0021,Diego Costa,1987-03-15,B006,True
C0022,Fabio Ferreira,1966-11-10,B005,True
C0023,Gabi Oliveira,1983-03-18,B009,False
C0024,Ana Rodrigues,1980-08-01,B009,True
C0025,Julia Souza,1963-04-19,B006,False
C0026,Paula Santos,1994-03-05,B002,True
C0027,Fabio Costa,1993-10-14,B009,False
C0028,Gabi Martins,1979-07-22,B009,True
C0029,Otavio Santos,1975-04-03,B008,True
C0030,Heitor Rodrigues,1974-01-03,B010,True
C0031,Heitor Santos,1962-06-03,B001,True
C0032,Paula Souza,1994-03-24,B005,False
C0033,Paula Souza,1990-07-07,B010,True
C0034,Larissa Almeida,1986-08-28,B007,True
C0035,Bruno Almeida,1981-02-08,B002,True
C0036,Otavio Oliveira,1987-03-09,B009,True
C0037,Otavio Ferreira,1966-01-21,B002,False
C0038,Carla Souza,1970-07-16,B001,True
C0039,Bruno Oliveira,1984-01-13,B007,True
C0040,Julia Almeida,1995-11-23,B008,True
C0041,Julia Souza,1963-10-24,B004,True
C0042,Bruno Silva,1997-08-17,B006,False
C0043,Fabio Silva,1992-02-28,B009,True
C0044,Carla Gomes,1975-07-04,B010,False
C0045,Heitor Rodrigues,1998-01-20,B010,True
C0046,Kaique Costa,1973-11-23,B010,True
C0047,Marcos Oliveira,2002-11-10,B005,True
C0048,Ana Carvalho,1999-10-04,B002,True
C0049,Igor Oliveira,1982-02-08,B004,True
C0050,Otavio Ferreira,1979-10-26,B003,True
